condition name,genes,uniqueid,NMCG225992,NMCG226104,NMCG226105,NMCG226106,NMCG224004,NMCG224005,NMCG227259,NMCG226969
CAD_PRS,PPAP2B,rs17114036,AG,AA,AA,AA,AG,AG,AA,AA
CAD_PRS,PCSK9,rs11206510,TT,TT,TT,TT,TT,TT,TT,TT
CAD_PRS,IL6R,rs4845625,TC,TT,CC,TC,TC,TT,TT,TC
CAD_PRS,MIA3,rs17465637,AA,CC,CC,AC,AC,AA,CC,AC
CAD_PRS,VAMP5-VAMP8-GGCX,rs1561198,AA,GG,GG,GG,GG,GG,GG,GG
CAD_PRS,ABCG5-ABCG8,rs6544713,TT,CC,CC,CC,TC,CC,CC,CC
CAD_PRS,TTC32-WDR35,rs2123536,AG,AG,AG,AG,AG,GG,AG,AG
CAD_PRS,APOB,rs515135,AG,AG,GG,GG,AG,GG,AA,GG
CAD_PRS,ZEB2-AC074093.1,rs2252641,AA,AG,AG,GG,AG,AG,GG,GG
CAD_PRS,WDR12,rs6725887,TT,TT,TT,TT,TT,TT,TT,TT
CAD_PRS,MRAS,rs2306374,TT,TT,TT,TC,TT,TT,TT,TT
CAD_PRS,EDNRA,rs1878406,N/A,N/A,N/A,N/A,N/A,N/A,N/A,N/A
CAD_PRS,GUCY1A3,rs7692387,AG,GG,GG,GG,AA,GG,GG,GG
CAD_PRS,SLC22A4-SLC22A5,rs273909,TT,TC,TC,TT,TC,TC,TC,TT
CAD_PRS,KCNK5,rs10947789,TT,TT,TC,TT,TT,TC,TT,TT
CAD_PRS,ANKS1A,rs17609940,GG,GG,GG,GG,GG,GG,GG,GG
CAD_PRS,C6orf10-BTNL2,rs9268402,AG,AG,GG,AG,AG,AG,AG,GG
CAD_PRS,C6orf105,rs6903956,AG,GG,GG,GG,AG,GG,AG,GG
CAD_PRS,TCF21,rs12190287,N/A,N/A,N/A,N/A,N/A,N/A,N/A,N/A
CAD_PRS,LPA,rs3798220,TT,TT,TT,TT,TT,TT,TT,TT
CAD_PRS,PLG,rs4252120,TT,TC,TT,TT,TT,TT,TT,TC
CAD_PRS,HDAC9,rs2023938,AA,AA,AA,AA,AA,AA,AA,AA
CAD_PRS,BCAP29,rs10953541,TT,TC,CC,CC,TC,TC,CC,TC
CAD_PRS,ZC3HC1,rs11556924,TT,CC,CC,CC,TC,CC,TC,CC
CAD_PRS,LPL,rs264,AA,AG,AG,AG,AG,AG,AG,AG
CAD_PRS,TRIB1,rs2954029,AA,TT,TT,TT,AT,AT,AT,TT
CAD_PRS,"CDKN2A, CDKN2B",rs1333049,GC,GC,GG,GG,GC,GC,GC,GC
CAD_PRS,ABO,rs579459,TT,TC,TT,TT,TC,TT,CC,TT
CAD_PRS,KIAA1462,rs2505083,TT,TT,TC,CC,TT,TT,TT,TC
CAD_PRS,CXCL12,rs1746048,TT,TC,TC,CC,TC,TC,CC,TC
CAD_PRS,LIPA,rs1412444,AA,AA,AA,AA,AG,GG,GG,AA
CAD_PRS,"CYP17A1, CNNM2,NT5C2",rs12413409,AA,GG,AG,GG,AG,GG,AG,GG
CAD_PRS,PDGFD,rs974819,AA,GG,AG,GG,AA,GG,AA,GG
CAD_PRS,"ZNF259, APOA5-A4-C3-A1",rs964184,GC,CC,GC,CC,GC,CC,CC,CC
CAD_PRS,ATP2B1,rs7136259,TC,TT,CC,TC,TT,TC,CC,TT
CAD_PRS,SH2B3,rs3184504,TC,CC,CC,CC,CC,CC,CC,CC
CAD_PRS,FLT1,rs9319428,AA,AG,GG,AG,AG,GG,GG,GG
CAD_PRS,"COL4A1,COL4A2",rs4773144,AA,AG,AA,AA,AA,AG,AG,AA
CAD_PRS,HHIPL1,rs2895811,TT,CC,TC,TC,TC,TC,TC,TC
CAD_PRS,ADAMTS7,rs3825807,TT,TT,TC,TT,TC,TT,TC,TT
CAD_PRS,FURIN-FES,rs17514846,N/A,N/A,N/A,N/A,N/A,N/A,N/A,AC
CAD_PRS,"RASD1,SMCR3,PEMT",rs12936587,AA,GG,GG,GG,AG,GG,GG,GG
CAD_PRS,"SMG6, SRR",rs216172,GG,CC,CC,CC,CC,GC,GG,CC
CAD_PRS,"UBE2Z, GIP,ATP5G1, SNF8",rs46522,TT,TT,CC,CC,TC,TC,TC,TC
CAD_PRS,LDLR,rs1122608,TT,GG,GG,TG,TG,TG,GG,GG
CAD_PRS,APOE/TOMM40,rs2075650,AA,AA,AA,AA,AA,AA,AA,AA
CAD_PRS,SLC5A3-MRPS6-KCNE2,rs9982601,TT,CC,CC,CC,TC,CC,CC,CC
