NMCG225992,NMCG226104,NMCG226105,NMCG226106,NMCG224004,NMCG224005,NMCG227259,NMCG226969
AG,AA,AA,AA,AG,AG,AA,AA
TT,TT,TT,TT,TT,TT,TT,TT
TC,TT,CC,TC,TC,TT,TT,TC
AA,CC,CC,AC,AC,AA,CC,AC
AA,GG,GG,GG,GG,GG,GG,GG
TT,CC,CC,CC,TC,CC,CC,CC
AG,AG,AG,AG,AG,GG,AG,AG
AG,AG,GG,GG,AG,GG,AA,GG
AA,AG,AG,GG,AG,AG,GG,GG
TT,TT,TT,TT,TT,TT,TT,TT
TT,TT,TT,TC,TT,TT,TT,TT
N/A,N/A,N/A,N/A,N/A,N/A,N/A,N/A
AG,GG,GG,GG,AA,GG,GG,GG
TT,TC,TC,TT,TC,TC,TC,TT
TT,TT,TC,TT,TT,TC,TT,TT
GG,GG,GG,GG,GG,GG,GG,GG
AG,AG,GG,AG,AG,AG,AG,GG
AG,GG,GG,GG,AG,GG,AG,GG
N/A,N/A,N/A,N/A,N/A,N/A,N/A,N/A
TT,TT,TT,TT,TT,TT,TT,TT
TT,TC,TT,TT,TT,TT,TT,TC
AA,AA,AA,AA,AA,AA,AA,AA
TT,TC,CC,CC,TC,TC,CC,TC
TT,CC,CC,CC,TC,CC,TC,CC
AA,AG,AG,AG,AG,AG,AG,AG
AA,TT,TT,TT,AT,AT,AT,TT
GC,GC,GG,GG,GC,GC,GC,GC
TT,TC,TT,TT,TC,TT,CC,TT
TT,TT,TC,CC,TT,TT,TT,TC
TT,TC,TC,CC,TC,TC,CC,TC
AA,AA,AA,AA,AG,GG,GG,AA
AA,GG,AG,GG,AG,GG,AG,GG
AA,GG,AG,GG,AA,GG,AA,GG
GC,CC,GC,CC,GC,CC,CC,CC
TC,TT,CC,TC,TT,TC,CC,TT
TC,CC,CC,CC,CC,CC,CC,CC
AA,AG,GG,AG,AG,GG,GG,GG
AA,AG,AA,AA,AA,AG,AG,AA
TT,CC,TC,TC,TC,TC,TC,TC
TT,TT,TC,TT,TC,TT,TC,TT
N/A,N/A,N/A,N/A,N/A,N/A,N/A,AC
AA,GG,GG,GG,AG,GG,GG,GG
GG,CC,CC,CC,CC,GC,GG,CC
TT,TT,CC,CC,TC,TC,TC,TC
TT,GG,GG,TG,TG,TG,GG,GG
AA,AA,AA,AA,AA,AA,AA,AA
TT,CC,CC,CC,TC,CC,CC,CC
